ProductID,Category,SubCategory,Brand,BasePrice,Stock
1,Kidswear,Shorts,Levis,1081.08,407
2,Accessories,Bags,Zudio,731.97,383
3,Accessories,Jeans,Levis,503.75,370
4,Accessories,Boots,Levis,1384.78,357
5,Clothing,Jewelry,Urbano,1133.7,50
6,Footwear,Sandals,Puma,3679.98,483
7,Clothing,Sneakers,Levis,3540.26,89
8,Accessories,Shirts,Puma,1166.43,121
9,Cosmetics,Jackets,HRX,994.71,194
10,Clothing,Creams,Urbano,895.5,50
11,Footwear,Belts,HRX,1736.24,127
12,Clothing,Sandals,Puma,1612.1,254
13,Footwear,Foundation,Puma,336.98,463
14,Cosmetics,Shirts,HRX,2925.78,254
15,Kidswear,Shorts,Levis,4510.55,372
16,Footwear,Boots,Urbano,2786.51,71
17,Footwear,Sweaters,Puma,506.28,340
18,Accessories,Shirts,Zudio,3077.84,361
19,Accessories,Flip-Flops,Urbano,2527.79,431
20,Cosmetics,Foundation,HRX,4553.26,447
21,Clothing,Lipstick,Puma,1943.45,281
22,Kidswear,Flip-Flops,Puma,3809.51,94
23,Kidswear,Bags,HRX,384.51,391
24,Cosmetics,Frocks,Zudio,3663.17,338
25,Kidswear,Lipstick,Zudio,399.33,445
26,Clothing,Flip-Flops,Puma,1854.63,457
27,Accessories,Jackets,Levis,4750.81,246
28,Cosmetics,Jackets,Zudio,3575.38,490
29,Kidswear,Sneakers,Zudio,4640.11,442
30,Cosmetics,Bags,Levis,2580.09,179
31,Cosmetics,Shirts,Zudio,3109.84,364
32,Footwear,Jewelry,Levis,2685.19,400
33,Footwear,Flip-Flops,HRX,2498.55,287
34,Cosmetics,Boots,Urbano,2975.51,334
35,Footwear,Frocks,Urbano,386.72,270
36,Kidswear,Flip-Flops,HRX,1091.28,360
37,Cosmetics,Belts,Zudio,1230.18,399
38,Footwear,Creams,Urbano,2037.67,199
39,Kidswear,T-Shirts,HRX,2285.86,424
40,Accessories,Jackets,Urbano,3750.65,262
41,Accessories,Shorts,Zudio,994.59,154
42,Cosmetics,Perfume,Levis,2935.48,226
43,Clothing,Belts,HRX,1506.99,445
44,Kidswear,Bags,Urbano,2675.14,248
45,Cosmetics,Shorts,Zudio,3207.75,266
46,Footwear,Sneakers,Urbano,2995.76,441
47,Accessories,Lipstick,Zudio,1233.83,65
48,Footwear,Jackets,Zudio,3605.38,217
49,Kidswear,Lipstick,Zudio,3338.18,222
50,Cosmetics,Sweaters,Zudio,4673.62,113
51,Accessories,Boots,HRX,3243.93,240
52,Kidswear,Perfume,Levis,3657.56,228
53,Accessories,Boots,HRX,4092.93,286
54,Accessories,Perfume,Urbano,708.82,59
55,Cosmetics,Jackets,HRX,3542.4,125
56,Cosmetics,Watches,HRX,1729.19,263
57,Clothing,Lipstick,Urbano,4151.11,170
58,Clothing,Watches,Levis,2504.87,222
59,Clothing,Bags,HRX,2986.96,390
60,Clothing,Watches,Zudio,1449.62,105
61,Footwear,Shirts,HRX,3322.71,279
62,Clothing,Jeans,Urbano,371.12,122
63,Footwear,Jewelry,Levis,3793.16,261
64,Accessories,Jackets,HRX,983.82,62
65,Footwear,Foundation,HRX,1292.36,113
66,Accessories,Jeans,Urbano,204.37,164
67,Clothing,Sneakers,Puma,1703.24,265
68,Footwear,Watches,Puma,2063.6,207
69,Accessories,Creams,HRX,1323.2,357
70,Clothing,Jewelry,Zudio,1305.01,163
71,Accessories,Watches,HRX,4486.31,103
72,Cosmetics,Lipstick,Puma,1766.97,362
73,Accessories,Perfume,HRX,3666.95,67
74,Clothing,Frocks,Zudio,1339.43,74
75,Kidswear,Sweaters,Levis,4083.4,230
76,Cosmetics,Frocks,HRX,3453.16,325
77,Footwear,Dresses,Urbano,3829.78,60
78,Cosmetics,Sandals,Zudio,2309.78,217
79,Clothing,Sandals,HRX,4421.91,456
80,Accessories,Dresses,Puma,1995.26,139
81,Kidswear,Frocks,HRX,3084.3,136
82,Clothing,Sandals,Puma,3272.35,475
83,Accessories,Shorts,Urbano,4770.81,224
84,Clothing,Lipstick,Levis,845.71,105
85,Kidswear,Shirts,Puma,850.9,338
86,Accessories,Shirts,HRX,2417.85,266
87,Kidswear,Shirts,Urbano,4605.8,147
88,Accessories,Watches,Zudio,304.09,331
89,Cosmetics,Jackets,HRX,1526.12,408
90,Clothing,Jeans,Zudio,1561.21,374
91,Footwear,Shirts,Puma,1663.77,78
92,Footwear,Dresses,Urbano,318.58,414
93,Clothing,Belts,Levis,4162.91,365
94,Footwear,Foundation,HRX,242.77,470
95,Kidswear,Sandals,Urbano,2492.98,202
96,Footwear,Foundation,Urbano,470.52,156
97,Clothing,Jackets,Levis,4033.49,221
98,Cosmetics,Watches,Puma,3783.61,467
99,Clothing,Bags,Levis,3663.35,170
100,Clothing,Foundation,Levis,3734.07,61
101,Accessories,Shorts,Levis,4713.15,398
102,Footwear,Flip-Flops,Zudio,2200.69,88
103,Footwear,Shirts,HRX,4335.56,196
104,Accessories,Jeans,Levis,1084.31,196
105,Kidswear,Lipstick,HRX,2366.07,78
106,Kidswear,Jewelry,Levis,242.76,243
107,Accessories,Watches,Puma,1563.87,139
108,Footwear,Frocks,Puma,2399.17,406
109,Kidswear,Flip-Flops,Levis,4564.59,417
110,Kidswear,Dresses,Urbano,1721.37,292
111,Cosmetics,Creams,HRX,3427.56,275
112,Kidswear,Shorts,Puma,4203.04,271
113,Footwear,Sneakers,Zudio,1767.34,381
114,Cosmetics,Shirts,Urbano,1012.3,69
115,Cosmetics,Sneakers,Puma,3037.73,490
116,Footwear,Shirts,Urbano,1565.04,402
117,Accessories,Sneakers,HRX,3331.77,314
118,Clothing,Sneakers,Urbano,846.57,51
119,Kidswear,Foundation,Zudio,927.66,205
120,Accessories,Frocks,Urbano,3444.43,83
121,Clothing,Bags,Puma,4873.09,326
122,Footwear,Sneakers,Zudio,1385.1,388
123,Kidswear,Creams,HRX,3626.78,255
124,Accessories,Jewelry,Puma,2753.79,386
125,Clothing,Sweaters,HRX,4250.44,489
126,Footwear,Shirts,Levis,2066.65,438
127,Cosmetics,Flip-Flops,Puma,4864.23,390
128,Cosmetics,Shirts,Urbano,595.5,327
129,Cosmetics,Frocks,HRX,4926.31,236
130,Footwear,Perfume,Urbano,4261.94,473
131,Clothing,Boots,Zudio,4359.0,133
132,Footwear,Shirts,HRX,4243.54,240
133,Cosmetics,Sneakers,HRX,4336.95,465
134,Footwear,Dresses,Zudio,4112.73,350
135,Kidswear,Sweaters,Zudio,4517.68,388
136,Clothing,Flip-Flops,Zudio,2411.84,269
137,Kidswear,Perfume,Zudio,4708.6,82
138,Cosmetics,Sweaters,Levis,2047.82,340
139,Clothing,T-Shirts,HRX,3696.88,351
140,Kidswear,Jewelry,Levis,3609.69,176
141,Footwear,Watches,Levis,4140.3,411
142,Accessories,Boots,Urbano,3744.24,213
143,Footwear,Sweaters,HRX,369.82,413
144,Cosmetics,Frocks,HRX,3747.93,239
145,Accessories,Shirts,HRX,311.82,132
146,Clothing,Watches,HRX,2759.51,267
147,Accessories,Perfume,Zudio,4226.96,405
148,Clothing,Jewelry,Puma,4181.96,412
149,Kidswear,Shirts,Urbano,4238.3,75
150,Kidswear,Foundation,Urbano,3091.57,184
151,Kidswear,Lipstick,Zudio,1082.3,392
152,Kidswear,Shirts,Levis,2638.29,182
153,Kidswear,Flip-Flops,Puma,2677.82,422
154,Accessories,Sneakers,Urbano,1758.89,264
155,Clothing,Shirts,Levis,2235.68,465
156,Kidswear,Sweaters,HRX,4386.45,384
157,Kidswear,Shorts,Puma,2686.05,130
158,Clothing,Sandals,Puma,3582.77,389
159,Accessories,Belts,HRX,2579.9,490
160,Kidswear,Shirts,Urbano,3163.86,257
161,Accessories,Watches,Puma,644.42,161
162,Kidswear,Dresses,Zudio,4670.66,172
163,Accessories,Dresses,Zudio,2292.48,495
164,Cosmetics,Boots,Zudio,3791.85,461
165,Kidswear,Boots,Puma,3402.09,430
166,Kidswear,Jewelry,Urbano,4036.51,272
167,Footwear,Frocks,Levis,367.39,171
168,Footwear,Creams,Urbano,4689.69,129
169,Accessories,Watches,Levis,4182.78,177
170,Footwear,Dresses,Puma,4202.06,383
171,Accessories,Perfume,HRX,2442.14,123
172,Kidswear,Lipstick,Levis,4022.35,499
173,Kidswear,Perfume,Levis,2960.87,274
174,Cosmetics,Foundation,Urbano,2616.69,346
175,Cosmetics,Creams,Puma,3967.63,135
176,Footwear,Watches,Urbano,3213.44,371
177,Kidswear,Boots,Puma,570.37,241
178,Accessories,Sneakers,Levis,1709.65,312
179,Footwear,Shirts,HRX,3186.04,474
180,Cosmetics,Shorts,Puma,4538.24,172
181,Clothing,Belts,Levis,4678.4,176
182,Accessories,Foundation,HRX,4226.78,478
183,Clothing,Sandals,Urbano,1420.7,477
184,Footwear,Jackets,Urbano,2472.23,79
185,Footwear,Perfume,Puma,2280.27,471
186,Clothing,Jackets,Puma,2305.69,216
187,Footwear,Perfume,Puma,438.97,196
188,Footwear,Lipstick,Urbano,1033.46,303
189,Kidswear,Boots,Puma,935.65,480
190,Accessories,Sandals,Levis,3162.89,87
191,Cosmetics,Lipstick,Zudio,2176.63,450
192,Kidswear,Sneakers,Zudio,1757.06,150
193,Footwear,Watches,Puma,2330.74,128
194,Cosmetics,Foundation,Levis,1756.23,291
195,Footwear,Sneakers,Levis,3835.86,151
196,Accessories,Jackets,Levis,1001.8,404
197,Footwear,Jackets,HRX,469.45,309
198,Clothing,Jeans,Levis,3323.39,212
199,Clothing,Shirts,Urbano,1306.78,434
200,Clothing,Dresses,Urbano,3288.1,134
201,Clothing,T-Shirts,Levis,481.0,159
202,Cosmetics,Watches,Zudio,1386.07,491
203,Clothing,Belts,HRX,938.64,455
204,Footwear,Frocks,Urbano,1595.23,438
205,Kidswear,Watches,Urbano,1778.51,237
206,Footwear,Sneakers,Urbano,2576.94,287
207,Footwear,Dresses,HRX,2696.67,85
208,Footwear,Flip-Flops,Levis,3224.47,407
209,Footwear,Shorts,HRX,1791.93,442
210,Kidswear,Flip-Flops,Levis,2753.7,261
211,Clothing,Sandals,Puma,4952.56,415
212,Accessories,Flip-Flops,Urbano,1211.07,362
213,Cosmetics,Bags,Zudio,932.99,411
214,Kidswear,Shirts,HRX,4244.31,414
215,Kidswear,Sandals,HRX,2169.75,133
216,Kidswear,Lipstick,Urbano,4265.04,139
217,Cosmetics,Dresses,Urbano,2238.51,181
218,Footwear,Dresses,Zudio,304.09,356
219,Cosmetics,Foundation,Zudio,1999.39,472
220,Kidswear,Shirts,Urbano,3128.63,133
221,Footwear,Shirts,Levis,2348.26,155
222,Kidswear,T-Shirts,Urbano,2404.85,229
223,Accessories,Bags,Zudio,4991.92,252
224,Clothing,Shorts,Urbano,2811.81,376
225,Clothing,Frocks,Zudio,3545.31,360
226,Kidswear,Sneakers,Puma,3660.67,157
227,Footwear,Sneakers,Levis,200.82,80
228,Accessories,Sweaters,Zudio,2851.81,99
229,Accessories,Bags,HRX,4822.67,441
230,Footwear,Sneakers,HRX,3803.95,136
231,Footwear,Watches,Levis,1834.05,417
232,Accessories,Dresses,Levis,1949.94,192
233,Clothing,Bags,HRX,1657.36,114
234,Clothing,Sandals,Puma,3225.0,288
235,Accessories,Foundation,Puma,667.11,315
236,Cosmetics,Belts,Zudio,1592.0,474
237,Accessories,Shorts,Levis,2591.43,137
238,Kidswear,Watches,HRX,2769.04,384
239,Cosmetics,Jewelry,Levis,3115.56,418
240,Footwear,Belts,HRX,4026.68,225
241,Accessories,Frocks,HRX,983.53,198
242,Accessories,Bags,Zudio,1280.07,73
243,Cosmetics,Foundation,Levis,4387.1,200
244,Accessories,Shirts,Puma,4189.56,374
245,Kidswear,Creams,Levis,4143.54,338
246,Clothing,Perfume,HRX,1201.36,85
247,Accessories,Creams,Puma,479.63,458
248,Clothing,Sweaters,HRX,2712.39,281
249,Footwear,Sandals,Levis,4376.21,235
250,Footwear,Shirts,HRX,1340.08,139
251,Accessories,Watches,Urbano,4540.16,371
252,Footwear,Lipstick,Puma,879.36,275
253,Accessories,Belts,Zudio,1630.86,336
254,Clothing,Lipstick,Urbano,1631.78,409
255,Cosmetics,Lipstick,HRX,925.28,477
256,Accessories,Bags,Levis,4389.34,240
257,Cosmetics,T-Shirts,HRX,2180.43,222
258,Clothing,Foundation,Zudio,1115.16,132
259,Clothing,Dresses,Levis,906.77,170
260,Cosmetics,Shorts,Puma,2220.39,425
261,Accessories,Perfume,Puma,282.98,227
262,Cosmetics,Lipstick,HRX,781.07,372
263,Accessories,Frocks,Urbano,217.75,248
264,Accessories,Jewelry,Levis,317.05,392
265,Cosmetics,Watches,Urbano,4987.39,278
266,Clothing,Dresses,HRX,2354.67,178
267,Kidswear,Shorts,Levis,3698.84,291
268,Footwear,Foundation,Puma,3737.99,376
269,Kidswear,Shirts,Puma,4425.96,391
270,Clothing,Jewelry,HRX,697.98,132
271,Footwear,Foundation,Levis,2723.23,399
272,Cosmetics,Watches,HRX,1744.25,186
273,Kidswear,Jackets,Puma,2832.72,148
274,Accessories,Jewelry,Zudio,1794.17,212
275,Clothing,Jewelry,Urbano,1081.56,190
276,Clothing,Shirts,HRX,3429.57,203
277,Clothing,T-Shirts,Zudio,384.46,222
278,Kidswear,Perfume,Puma,4497.85,228
279,Accessories,Bags,HRX,902.07,397
280,Kidswear,Watches,Puma,3152.69,202
281,Accessories,Boots,Puma,3820.18,105
282,Footwear,Shirts,HRX,550.05,344
283,Cosmetics,T-Shirts,Zudio,4535.81,180
284,Clothing,Perfume,HRX,1909.65,102
285,Accessories,Shirts,Puma,4984.29,466
286,Kidswear,Foundation,Levis,530.15,111
287,Kidswear,Dresses,Puma,3640.51,275
288,Clothing,Jewelry,HRX,971.43,154
289,Clothing,Sweaters,Zudio,2132.92,244
290,Clothing,Shorts,Puma,2327.42,374
291,Footwear,Shirts,Zudio,2149.54,437
292,Cosmetics,Jackets,Zudio,1820.35,249
293,Accessories,Lipstick,Urbano,3882.61,364
294,Clothing,Flip-Flops,Zudio,4135.47,450
295,Accessories,Jackets,Puma,1810.95,455
296,Kidswear,T-Shirts,Puma,2516.7,215
297,Cosmetics,Perfume,HRX,2224.44,265
298,Cosmetics,Shirts,HRX,3048.88,336
299,Accessories,Perfume,Zudio,921.28,354
300,Kidswear,Shirts,Levis,4067.29,485
301,Kidswear,Bags,Puma,4025.66,418
302,Footwear,Jeans,Zudio,3033.98,415
303,Clothing,Sneakers,HRX,3781.49,266
304,Kidswear,Frocks,Puma,4944.82,87
305,Clothing,Lipstick,Urbano,4628.04,302
306,Clothing,Sandals,HRX,3134.95,354
307,Accessories,Creams,Urbano,2654.73,267
308,Clothing,Boots,Puma,2765.73,149
309,Accessories,Perfume,Levis,2439.75,460
310,Cosmetics,Lipstick,Zudio,2505.08,72
311,Kidswear,Sweaters,Zudio,3713.78,389
312,Accessories,T-Shirts,Levis,4962.18,332
313,Footwear,Perfume,Zudio,417.51,130
314,Accessories,Lipstick,Zudio,1304.9,191
315,Clothing,Frocks,Urbano,1209.0,180
316,Footwear,Perfume,Zudio,4197.71,153
317,Clothing,Foundation,Urbano,2214.67,76
318,Footwear,Jewelry,Zudio,2720.63,239
319,Accessories,Jewelry,Zudio,2451.93,301
320,Clothing,Jewelry,HRX,4297.67,319
321,Accessories,Frocks,Levis,2598.66,269
322,Kidswear,Lipstick,HRX,3405.66,221
323,Footwear,Shorts,Zudio,293.52,74
324,Cosmetics,Shorts,Urbano,3331.78,238
325,Cosmetics,Sandals,Zudio,1356.57,252
326,Accessories,Jackets,Puma,4360.97,101
327,Footwear,Flip-Flops,Puma,3807.46,189
328,Footwear,T-Shirts,Puma,724.58,295
329,Accessories,Boots,Puma,696.66,467
330,Cosmetics,Perfume,Zudio,1606.39,328
331,Kidswear,Shirts,Puma,803.67,452
332,Cosmetics,Sneakers,Levis,3753.57,169
333,Clothing,Sneakers,Zudio,4936.72,277
334,Cosmetics,Lipstick,HRX,3345.23,306
335,Clothing,Shirts,Zudio,1395.42,242
336,Clothing,Jeans,Urbano,2908.51,175
337,Kidswear,Flip-Flops,Levis,4067.12,182
338,Kidswear,Jeans,Zudio,4818.6,234
339,Cosmetics,Jewelry,HRX,224.34,199
340,Accessories,Sandals,Urbano,2713.71,476
341,Cosmetics,Frocks,Urbano,2375.43,307
342,Kidswear,Bags,HRX,2189.57,285
343,Clothing,Bags,HRX,2618.42,440
344,Clothing,Sandals,HRX,2136.83,417
345,Accessories,Sandals,HRX,1851.27,326
346,Cosmetics,Bags,Puma,751.08,376
347,Accessories,Boots,Levis,2599.26,108
348,Accessories,Sweaters,HRX,4141.05,314
349,Cosmetics,Sweaters,Puma,702.72,169
350,Footwear,Watches,Zudio,3744.76,473
351,Cosmetics,Sneakers,Urbano,1485.28,122
352,Accessories,Belts,Zudio,2029.97,300
353,Footwear,Sweaters,Zudio,4942.81,164
354,Accessories,Flip-Flops,Puma,3441.01,482
355,Accessories,Sweaters,Puma,3651.74,445
356,Accessories,Sneakers,HRX,3091.48,149
357,Clothing,Perfume,HRX,1747.34,122
358,Cosmetics,Shirts,Puma,3440.56,187
359,Kidswear,Jackets,Levis,2394.89,162
360,Clothing,Flip-Flops,HRX,4194.0,123
361,Cosmetics,Perfume,Zudio,2941.07,285
362,Clothing,Lipstick,HRX,3901.93,322
363,Cosmetics,Lipstick,HRX,4272.84,279
364,Footwear,Frocks,Levis,4141.37,309
365,Kidswear,Jackets,Puma,2130.11,113
366,Footwear,Foundation,Levis,1970.03,193
367,Footwear,Belts,HRX,4371.52,354
368,Cosmetics,Flip-Flops,Levis,886.88,149
369,Accessories,Boots,HRX,1541.14,204
370,Accessories,T-Shirts,Levis,780.85,55
371,Accessories,T-Shirts,Urbano,402.04,153
372,Accessories,Frocks,Urbano,3156.13,58
373,Kidswear,Bags,HRX,4523.75,363
374,Footwear,Boots,Levis,821.2,301
375,Clothing,Foundation,HRX,4019.4,81
376,Kidswear,Lipstick,Levis,2020.83,471
377,Cosmetics,Sandals,Puma,3167.07,79
378,Kidswear,Bags,Levis,3865.96,350
379,Kidswear,Bags,Levis,3608.38,419
380,Cosmetics,Creams,HRX,856.18,462
381,Clothing,Sandals,Levis,753.85,269
382,Footwear,Creams,HRX,4636.13,199
383,Kidswear,Sweaters,HRX,581.46,336
384,Cosmetics,Boots,Zudio,1248.32,258
385,Cosmetics,Bags,HRX,2304.07,177
386,Clothing,Lipstick,Levis,4140.85,66
387,Kidswear,Jackets,Urbano,3092.6,418
388,Cosmetics,Jeans,Puma,2941.68,174
389,Clothing,Shirts,Levis,3521.38,103
390,Clothing,Shirts,Levis,4050.36,128
391,Cosmetics,Sweaters,Levis,1316.11,352
392,Cosmetics,Shorts,Zudio,290.73,209
393,Kidswear,Watches,Urbano,810.55,205
394,Kidswear,Jewelry,Levis,992.79,444
395,Footwear,Flip-Flops,HRX,392.11,472
396,Cosmetics,Lipstick,Urbano,3788.09,450
397,Accessories,Jeans,Urbano,4447.64,381
398,Accessories,Foundation,Levis,3611.12,420
399,Footwear,Creams,HRX,1105.39,420
400,Cosmetics,Shorts,Urbano,3110.94,216
401,Clothing,T-Shirts,Puma,2698.9,293
402,Accessories,Watches,HRX,4135.82,250
403,Kidswear,Lipstick,Urbano,4723.03,202
404,Accessories,Sweaters,Urbano,3766.09,331
405,Cosmetics,Belts,HRX,2660.19,373
406,Accessories,Frocks,Zudio,2653.03,239
407,Footwear,Lipstick,HRX,4077.38,196
408,Kidswear,Perfume,Puma,788.07,62
409,Footwear,Lipstick,Zudio,935.91,334
410,Clothing,T-Shirts,Levis,1848.86,359
411,Clothing,Jackets,Zudio,3786.27,288
412,Clothing,Perfume,Puma,516.69,122
413,Clothing,Jackets,Puma,1852.75,219
414,Cosmetics,Frocks,Puma,1728.99,495
415,Cosmetics,Sweaters,Urbano,2531.54,281
416,Cosmetics,Sneakers,Zudio,2425.84,248
417,Footwear,Bags,Puma,3629.14,248
418,Footwear,Shorts,Zudio,3202.69,70
419,Accessories,Watches,Zudio,4533.3,314
420,Kidswear,Boots,Levis,1067.15,222
421,Footwear,Boots,Levis,2273.99,460
422,Accessories,Watches,Levis,2120.46,353
423,Clothing,Lipstick,Urbano,740.09,390
424,Clothing,Watches,Urbano,991.17,246
425,Footwear,Sweaters,Levis,1815.83,182
426,Cosmetics,Watches,Puma,3727.05,377
427,Accessories,Shorts,HRX,920.77,320
428,Kidswear,Frocks,Urbano,1473.53,126
429,Accessories,Shorts,HRX,3446.82,146
430,Cosmetics,Creams,Urbano,3063.94,221
431,Cosmetics,Foundation,Zudio,701.09,428
432,Footwear,Flip-Flops,Puma,4729.78,480
433,Cosmetics,Jackets,Urbano,910.54,81
434,Cosmetics,Foundation,Zudio,494.75,85
435,Kidswear,Creams,Puma,1660.42,226
436,Cosmetics,Flip-Flops,Urbano,327.04,486
437,Clothing,Sandals,Puma,347.47,456
438,Cosmetics,Flip-Flops,Urbano,2977.91,467
439,Clothing,Jewelry,Levis,4486.16,195
440,Kidswear,Frocks,Urbano,2132.21,445
441,Footwear,Lipstick,Urbano,1650.28,392
442,Clothing,Sweaters,Zudio,4590.21,431
443,Footwear,Shirts,Levis,495.01,179
444,Footwear,Flip-Flops,HRX,2471.9,285
445,Clothing,Dresses,Puma,1412.49,204
446,Accessories,Sandals,HRX,2032.21,227
447,Cosmetics,Sneakers,HRX,2171.81,464
448,Kidswear,Shirts,Levis,2816.66,481
449,Footwear,Sweaters,Levis,2375.6,391
450,Accessories,Dresses,Levis,4942.64,118
451,Footwear,Jewelry,Zudio,322.45,194
452,Accessories,Foundation,Zudio,3836.76,92
453,Kidswear,Lipstick,Puma,444.78,195
454,Accessories,Shorts,Levis,2269.14,304
455,Kidswear,Shirts,HRX,1168.86,243
456,Cosmetics,Frocks,Puma,4737.45,336
457,Accessories,Dresses,Zudio,3667.95,112
458,Footwear,Shirts,Urbano,2421.67,333
459,Cosmetics,Dresses,Urbano,4770.76,244
460,Footwear,Flip-Flops,Puma,3662.21,442
461,Footwear,T-Shirts,Zudio,4769.31,146
462,Cosmetics,Creams,Puma,3581.96,77
463,Cosmetics,Perfume,Zudio,573.01,297
464,Kidswear,Sandals,Levis,3158.27,451
465,Accessories,Jeans,Urbano,4905.68,192
466,Kidswear,Jeans,HRX,1228.07,310
467,Clothing,Bags,Levis,4005.15,346
468,Clothing,Jewelry,HRX,1086.23,159
469,Kidswear,Foundation,Puma,2370.74,268
470,Kidswear,Sweaters,Urbano,606.39,125
471,Accessories,Lipstick,HRX,1834.81,251
472,Cosmetics,Boots,Puma,3925.89,250
473,Clothing,Shirts,Zudio,417.29,305
474,Cosmetics,Belts,Levis,1736.94,422
475,Footwear,Creams,Zudio,3222.81,371
476,Footwear,Boots,Levis,4753.08,378
477,Cosmetics,Frocks,Urbano,1377.69,416
478,Footwear,Lipstick,HRX,1031.12,169
479,Clothing,Jackets,Zudio,1177.62,228
480,Clothing,Jackets,Zudio,1336.68,176
481,Footwear,Bags,HRX,3263.94,193
482,Clothing,Boots,HRX,4993.61,242
483,Footwear,Shorts,Puma,2713.24,291
484,Accessories,Shorts,Levis,1502.87,106
485,Accessories,Sandals,Puma,3785.41,470
486,Cosmetics,Belts,Zudio,959.61,216
487,Footwear,Dresses,HRX,344.07,114
488,Accessories,Shorts,Urbano,3105.27,482
489,Accessories,Sneakers,Zudio,1209.42,96
490,Clothing,Belts,Zudio,2116.34,473
491,Cosmetics,Jackets,Levis,1309.46,447
492,Cosmetics,Flip-Flops,Puma,4606.7,345
493,Accessories,Bags,Levis,1822.35,353
494,Accessories,Creams,Zudio,2355.55,285
495,Cosmetics,Boots,HRX,1327.25,465
496,Clothing,Sweaters,Urbano,607.28,344
497,Kidswear,Sandals,Levis,2660.27,150
498,Clothing,Jeans,Zudio,4369.87,210
499,Kidswear,Flip-Flops,Puma,1888.07,463
500,Cosmetics,Jeans,Levis,3948.65,169
501,Cosmetics,Jewelry,Zudio,356.54,203
502,Cosmetics,Perfume,Puma,1330.44,92
503,Footwear,Dresses,Puma,831.18,488
504,Footwear,Bags,Urbano,2133.84,93
505,Footwear,Watches,HRX,4492.8,127
506,Cosmetics,Foundation,Urbano,1992.86,381
507,Accessories,Sweaters,Puma,3095.95,157
508,Cosmetics,Frocks,Levis,4511.08,436
509,Kidswear,Sneakers,HRX,1926.98,56
510,Clothing,Sweaters,Puma,1955.63,390
511,Kidswear,Boots,HRX,622.32,107
512,Clothing,Dresses,Levis,1875.44,396
513,Kidswear,T-Shirts,Zudio,3781.57,443
514,Clothing,Sandals,Zudio,4254.22,59
515,Accessories,Foundation,Puma,3669.2,277
516,Clothing,Foundation,Puma,233.24,219
517,Cosmetics,Shorts,Urbano,761.49,83
518,Kidswear,Jeans,Puma,3708.71,259
519,Footwear,Jackets,Zudio,4723.5,203
520,Accessories,Lipstick,Zudio,3537.73,365
521,Kidswear,Bags,Urbano,1285.3,179
522,Accessories,Foundation,Levis,716.28,250
523,Footwear,Lipstick,HRX,4409.68,94
524,Footwear,Belts,Zudio,675.35,54
525,Footwear,Shirts,HRX,924.98,75
526,Footwear,Sneakers,Puma,3064.13,282
527,Footwear,Frocks,Puma,1111.99,384
528,Cosmetics,Belts,Levis,1292.45,458
529,Clothing,Watches,HRX,882.84,331
530,Footwear,Sweaters,Zudio,4732.77,141
531,Kidswear,Sneakers,Urbano,799.64,264
532,Kidswear,Sweaters,Zudio,4670.39,134
533,Footwear,Shirts,HRX,1765.75,71
534,Accessories,T-Shirts,HRX,4143.49,452
535,Footwear,Dresses,Zudio,4759.99,315
536,Cosmetics,Flip-Flops,Zudio,2692.44,91
537,Clothing,Boots,Levis,3896.83,208
538,Kidswear,Jewelry,Puma,1476.85,208
539,Footwear,Perfume,Levis,2038.23,404
540,Clothing,Sneakers,Zudio,2854.34,299
541,Clothing,Perfume,Zudio,4282.21,380
542,Footwear,Jackets,Urbano,3179.54,386
543,Clothing,T-Shirts,Puma,306.07,274
544,Kidswear,Lipstick,Urbano,1662.97,263
545,Footwear,Frocks,Puma,4351.86,412
546,Accessories,Jewelry,Puma,1353.14,469
547,Footwear,Bags,HRX,1966.06,289
548,Kidswear,Shirts,Puma,2070.15,499
549,Footwear,Perfume,Zudio,941.37,337
550,Footwear,Creams,Puma,1879.1,116
551,Footwear,Sneakers,Levis,4123.62,425
552,Cosmetics,Shirts,HRX,4275.65,407
553,Cosmetics,T-Shirts,Urbano,2988.31,240
554,Kidswear,Lipstick,Puma,3457.95,419
555,Clothing,Sneakers,Urbano,2765.95,328
556,Footwear,Boots,Zudio,412.51,99
557,Footwear,Bags,Urbano,3544.09,370
558,Cosmetics,Bags,Puma,4983.44,246
559,Accessories,Foundation,Urbano,1293.55,221
560,Cosmetics,Jewelry,Zudio,4914.33,235
561,Clothing,Sneakers,Puma,4989.31,234
562,Footwear,Frocks,Urbano,879.27,214
563,Footwear,T-Shirts,Urbano,4645.45,498
564,Kidswear,Lipstick,Zudio,3442.56,67
565,Accessories,Watches,Levis,2438.58,421
566,Kidswear,Belts,Levis,1854.37,438
567,Accessories,Flip-Flops,HRX,3223.05,148
568,Accessories,Bags,Zudio,4245.38,167
569,Accessories,T-Shirts,Levis,363.69,295
570,Accessories,Perfume,Urbano,2770.22,145
571,Kidswear,Bags,Zudio,3321.27,459
572,Footwear,Sweaters,Urbano,322.9,338
573,Footwear,Frocks,Urbano,4467.57,347
574,Kidswear,Creams,HRX,4768.59,265
575,Cosmetics,Frocks,HRX,3139.96,204
576,Clothing,Frocks,Puma,761.61,487
577,Accessories,Watches,Zudio,4675.58,260
578,Kidswear,Sweaters,Levis,4064.03,131
579,Accessories,Watches,HRX,337.03,128
580,Accessories,Shirts,Zudio,2979.96,140
581,Accessories,Boots,HRX,749.78,170
582,Kidswear,Bags,Levis,877.12,329
583,Footwear,Sneakers,HRX,1124.05,431
584,Cosmetics,Bags,Puma,2101.7,308
585,Cosmetics,Bags,Zudio,4406.64,216
586,Kidswear,Creams,Zudio,349.16,376
587,Clothing,Bags,Urbano,3508.21,445
588,Cosmetics,Shirts,Puma,4829.84,82
589,Cosmetics,Frocks,HRX,3277.92,327
590,Accessories,Watches,Urbano,4114.9,468
591,Kidswear,Shirts,HRX,4528.51,319
592,Footwear,Shirts,Puma,3631.03,459
593,Kidswear,Sneakers,Urbano,3367.25,430
594,Kidswear,Jackets,Levis,286.24,359
595,Cosmetics,Sandals,Zudio,2690.67,474
596,Accessories,Belts,Puma,2452.28,478
597,Kidswear,Watches,Puma,2708.99,80
598,Footwear,Jewelry,HRX,2275.91,118
599,Accessories,Frocks,Levis,4551.48,148
600,Accessories,Jackets,Levis,4467.34,450
601,Footwear,Sneakers,Puma,803.35,493
602,Footwear,Foundation,Puma,2757.89,145
603,Footwear,Dresses,Zudio,4805.88,420
604,Kidswear,Flip-Flops,Levis,3073.59,181
605,Accessories,Foundation,Puma,4048.01,315
606,Accessories,T-Shirts,Zudio,1992.13,271
607,Clothing,Jackets,HRX,2010.8,168
608,Clothing,Jewelry,Levis,1763.3,406
609,Clothing,Shirts,Urbano,304.86,186
610,Kidswear,Flip-Flops,Urbano,4639.29,238
611,Kidswear,Belts,Puma,1878.28,267
612,Footwear,Jackets,Puma,1962.02,455
613,Kidswear,Watches,Zudio,3845.83,198
614,Accessories,Creams,Puma,2729.09,176
615,Accessories,Sandals,Puma,1937.8,289
616,Cosmetics,Foundation,Zudio,4441.36,328
617,Cosmetics,Sandals,Urbano,4161.82,110
618,Kidswear,Shirts,Zudio,4888.65,445
619,Cosmetics,Creams,Levis,3276.9,144
620,Kidswear,Frocks,Levis,3512.46,427
621,Footwear,Watches,Puma,1757.6,450
622,Footwear,Foundation,Puma,677.98,409
623,Cosmetics,Jeans,Urbano,708.4,488
624,Kidswear,Flip-Flops,Urbano,3300.51,414
625,Cosmetics,T-Shirts,HRX,743.7,326
626,Accessories,Jackets,Levis,4551.81,487
627,Kidswear,Jewelry,Levis,3578.57,96
628,Clothing,Watches,HRX,1285.79,218
629,Accessories,Jeans,HRX,1540.22,146
630,Kidswear,Jeans,Levis,3607.87,192
631,Cosmetics,T-Shirts,Puma,4155.78,273
632,Cosmetics,Boots,Levis,4229.26,364
633,Cosmetics,Bags,HRX,3084.93,448
634,Kidswear,Creams,Urbano,945.11,78
635,Cosmetics,Belts,Zudio,4128.13,60
636,Kidswear,T-Shirts,Urbano,3999.89,78
637,Kidswear,Foundation,Urbano,4209.72,282
638,Cosmetics,Foundation,HRX,956.79,420
639,Footwear,Creams,Levis,3484.92,135
640,Footwear,Watches,HRX,4809.17,259
641,Accessories,Jeans,HRX,1429.1,394
642,Kidswear,Jeans,Puma,3640.29,390
643,Cosmetics,Sweaters,Puma,1442.8,163
644,Cosmetics,Flip-Flops,Zudio,1674.06,300
645,Cosmetics,Belts,Puma,2529.29,105
646,Footwear,Shorts,Zudio,4495.78,269
647,Clothing,Frocks,Urbano,385.58,230
648,Kidswear,Shorts,Urbano,4950.28,52
649,Accessories,Bags,HRX,3905.97,62
650,Accessories,Flip-Flops,Urbano,1926.94,471
651,Accessories,Creams,Puma,1899.97,375
652,Kidswear,Flip-Flops,Puma,2518.31,316
653,Kidswear,Flip-Flops,Puma,4402.3,425
654,Accessories,Dresses,Levis,286.0,456
655,Accessories,Frocks,Puma,2831.6,105
656,Cosmetics,Shirts,HRX,469.21,450
657,Clothing,Perfume,HRX,754.88,314
658,Footwear,Jeans,Urbano,3515.2,172
659,Kidswear,Foundation,Zudio,1324.68,427
660,Clothing,Bags,Levis,399.66,388
661,Accessories,T-Shirts,Zudio,988.34,276
662,Accessories,Frocks,Levis,1201.46,205
663,Accessories,Perfume,HRX,3894.95,287
664,Accessories,Dresses,HRX,3199.64,128
665,Cosmetics,Shirts,Levis,3728.6,324
666,Kidswear,Sandals,Urbano,1975.15,402
667,Accessories,T-Shirts,Puma,743.04,269
668,Accessories,Shirts,Puma,4065.39,309
669,Kidswear,Shirts,Zudio,873.95,480
670,Footwear,Bags,HRX,2036.87,352
671,Cosmetics,Lipstick,Puma,1458.94,464
672,Cosmetics,Belts,HRX,1623.37,404
673,Clothing,Jackets,HRX,3088.91,438
674,Cosmetics,Frocks,HRX,988.89,173
675,Clothing,Shirts,Puma,2340.19,338
676,Footwear,Sweaters,Puma,3265.7,353
677,Kidswear,Shorts,Puma,4370.78,209
678,Accessories,Sandals,Levis,1981.89,431
679,Clothing,Dresses,Puma,1729.72,161
680,Cosmetics,Sneakers,HRX,1965.67,384
681,Accessories,Sneakers,HRX,2603.83,492
682,Footwear,Jackets,Zudio,1702.85,150
683,Kidswear,Frocks,Urbano,1402.17,275
684,Clothing,Foundation,Levis,2001.45,497
685,Cosmetics,Frocks,Zudio,3933.58,96
686,Accessories,Shirts,Levis,1413.51,186
687,Accessories,Sneakers,Levis,4254.22,410
688,Accessories,Watches,HRX,1568.51,212
689,Kidswear,Frocks,HRX,3094.77,96
690,Clothing,Jackets,HRX,4860.69,137
691,Kidswear,Dresses,HRX,4768.61,387
692,Cosmetics,Shirts,Zudio,2286.24,322
693,Clothing,Sneakers,Urbano,524.08,434
694,Footwear,Foundation,Urbano,4532.62,104
695,Footwear,Foundation,Zudio,809.2,316
696,Kidswear,Foundation,Urbano,4633.04,82
697,Kidswear,Sweaters,Puma,3716.63,489
698,Kidswear,Sweaters,Puma,4684.35,369
699,Footwear,Jewelry,Puma,3393.88,107
700,Footwear,Belts,HRX,4976.54,157
701,Clothing,Belts,Puma,2441.61,453
702,Clothing,Flip-Flops,Levis,1782.18,323
703,Kidswear,Foundation,Levis,2087.9,383
704,Accessories,Sweaters,Zudio,1881.39,222
705,Clothing,Belts,Levis,2123.83,172
706,Footwear,Sneakers,Zudio,4448.97,92
707,Cosmetics,Jewelry,Urbano,3041.89,197
708,Accessories,Shirts,Levis,3683.35,362
709,Footwear,Bags,Levis,1581.79,259
710,Accessories,Flip-Flops,Zudio,4951.38,294
711,Cosmetics,Sneakers,Levis,1547.53,460
712,Kidswear,Bags,Zudio,963.32,323
713,Accessories,Sweaters,Levis,3935.33,194
714,Cosmetics,Flip-Flops,HRX,4227.56,365
715,Cosmetics,Lipstick,Urbano,2090.22,138
716,Accessories,Sneakers,Levis,2797.14,310
717,Accessories,Jackets,Urbano,2187.81,439
718,Accessories,Belts,Levis,1610.83,423
719,Accessories,Perfume,Levis,4104.21,405
720,Kidswear,Frocks,HRX,3833.78,274
721,Footwear,Creams,Puma,2529.58,320
722,Clothing,Sneakers,Puma,2386.64,88
723,Kidswear,Sneakers,Urbano,1064.79,216
724,Accessories,Jackets,Urbano,3258.91,393
725,Cosmetics,Perfume,HRX,4633.65,198
726,Kidswear,Flip-Flops,Zudio,3650.45,279
727,Clothing,Frocks,Urbano,2630.1,318
728,Clothing,Shorts,Puma,385.56,334
729,Kidswear,Creams,HRX,4665.36,403
730,Cosmetics,Lipstick,Zudio,1678.61,310
731,Cosmetics,T-Shirts,HRX,1639.77,244
732,Cosmetics,Perfume,Puma,2454.06,326
733,Footwear,Shorts,HRX,2260.0,186
734,Cosmetics,Perfume,Levis,4819.28,244
735,Clothing,Sandals,Puma,992.04,221
736,Accessories,Sneakers,Zudio,3507.79,239
737,Accessories,Lipstick,HRX,712.46,271
738,Clothing,Belts,Puma,1529.11,372
739,Cosmetics,Lipstick,Puma,3666.26,162
740,Accessories,Jeans,Zudio,4059.41,239
741,Clothing,Frocks,Puma,2450.84,495
742,Cosmetics,Sweaters,Zudio,3988.86,237
743,Footwear,Foundation,Puma,4688.61,482
744,Accessories,Bags,HRX,4691.78,216
745,Cosmetics,Shirts,Zudio,1843.88,218
746,Cosmetics,Jewelry,Zudio,1698.27,355
747,Accessories,Shirts,Puma,3686.93,66
748,Cosmetics,Sandals,Levis,3339.65,102
749,Kidswear,Dresses,Zudio,2082.87,427
750,Kidswear,Shirts,Levis,1297.63,232
751,Footwear,Foundation,Urbano,3168.47,255
752,Clothing,Sneakers,HRX,2265.15,290
753,Kidswear,Bags,Levis,834.14,380
754,Kidswear,Dresses,HRX,3268.39,489
755,Footwear,Watches,Zudio,3548.84,306
756,Kidswear,Belts,HRX,1948.31,242
757,Kidswear,Shirts,Levis,4193.38,497
758,Accessories,Sandals,Zudio,553.63,485
759,Footwear,T-Shirts,Levis,2580.37,192
760,Cosmetics,Boots,Zudio,4790.41,307
761,Cosmetics,Boots,Levis,1114.22,61
762,Clothing,Frocks,Zudio,1027.16,478
763,Clothing,Belts,Levis,2017.74,234
764,Kidswear,Flip-Flops,Urbano,1486.8,347
765,Kidswear,Watches,Levis,1263.36,307
766,Cosmetics,Boots,Levis,4759.25,264
767,Footwear,Jackets,Urbano,1855.27,239
768,Accessories,Creams,HRX,487.22,211
769,Clothing,Creams,Zudio,4518.95,322
770,Kidswear,Foundation,Levis,2351.58,346
771,Clothing,Shirts,HRX,3732.52,255
772,Cosmetics,Shorts,Puma,1963.27,389
773,Footwear,Bags,HRX,4688.81,413
774,Cosmetics,Frocks,Puma,1581.44,248
775,Accessories,Lipstick,Zudio,3381.28,370
776,Footwear,Frocks,Puma,4156.86,169
777,Accessories,Creams,Urbano,1342.08,304
778,Accessories,Flip-Flops,Urbano,4047.25,289
779,Footwear,Creams,HRX,4002.92,64
780,Accessories,Perfume,Urbano,4828.27,414
781,Clothing,T-Shirts,Urbano,4629.5,215
782,Kidswear,Jackets,HRX,2065.32,403
783,Footwear,Dresses,Levis,3034.61,370
784,Cosmetics,Dresses,Zudio,4641.41,314
785,Cosmetics,Lipstick,Puma,221.0,219
786,Kidswear,Jewelry,HRX,3211.28,499
787,Cosmetics,T-Shirts,Urbano,1233.74,263
788,Kidswear,Shirts,Puma,3746.08,394
789,Clothing,Shorts,Levis,4023.05,228
790,Cosmetics,Frocks,Zudio,3622.2,429
791,Cosmetics,Foundation,Zudio,4981.17,127
792,Clothing,Flip-Flops,Urbano,2500.44,276
793,Cosmetics,Sneakers,Levis,2894.46,257
794,Cosmetics,Shirts,Zudio,2163.16,452
795,Clothing,Sweaters,Puma,4875.12,410
796,Clothing,Shirts,Puma,4629.23,80
797,Clothing,Lipstick,Urbano,4935.86,243
798,Cosmetics,Shorts,Levis,4927.48,209
799,Kidswear,Shirts,Puma,4498.19,149
800,Kidswear,Jewelry,Zudio,4668.21,252
801,Footwear,Foundation,Puma,775.43,57
802,Footwear,Foundation,Zudio,1032.93,417
803,Cosmetics,Creams,Levis,4448.9,246
804,Cosmetics,Jewelry,Urbano,3688.64,81
805,Kidswear,Flip-Flops,Urbano,4399.95,352
806,Accessories,Sandals,Urbano,3896.16,57
807,Footwear,Jewelry,HRX,870.0,211
808,Kidswear,Sandals,Urbano,4599.52,309
809,Cosmetics,Belts,Urbano,3901.9,341
810,Footwear,T-Shirts,Zudio,2939.87,221
811,Footwear,Jewelry,Levis,2755.34,202
812,Footwear,Sneakers,Levis,2954.23,331
813,Cosmetics,Bags,Puma,2074.0,338
814,Kidswear,Watches,Urbano,4055.45,442
815,Accessories,Shorts,Levis,4563.28,352
816,Cosmetics,Belts,Levis,1413.99,249
817,Footwear,Sandals,Levis,382.63,194
818,Clothing,Foundation,Levis,1174.05,64
819,Kidswear,Jeans,Zudio,3835.23,219
820,Cosmetics,Watches,Urbano,4368.33,359
821,Footwear,Sandals,Levis,1873.11,446
822,Accessories,Boots,Zudio,931.46,289
823,Footwear,Frocks,HRX,4320.96,227
824,Footwear,Sneakers,Puma,1230.29,93
825,Cosmetics,Creams,Zudio,1361.0,308
826,Accessories,Boots,Puma,644.54,230
827,Clothing,Creams,Puma,4569.56,361
828,Cosmetics,T-Shirts,HRX,1768.27,103
829,Kidswear,Belts,HRX,1024.84,234
830,Accessories,Dresses,HRX,4777.5,189
831,Clothing,Watches,Zudio,1810.5,398
832,Clothing,Shirts,HRX,3787.93,433
833,Accessories,Foundation,Levis,1305.9,236
834,Kidswear,Jewelry,Zudio,3688.76,370
835,Footwear,Jewelry,Urbano,1314.38,401
836,Cosmetics,Shirts,HRX,3261.15,342
837,Kidswear,Shorts,Zudio,2316.14,197
838,Clothing,Sweaters,HRX,4033.85,342
839,Kidswear,Shirts,Puma,3705.3,208
840,Footwear,Boots,Levis,4690.33,74
841,Kidswear,Dresses,Puma,2007.79,355
842,Kidswear,Foundation,HRX,3820.81,281
843,Clothing,Creams,Zudio,4850.45,158
844,Kidswear,Sandals,Levis,1814.28,98
845,Cosmetics,Shirts,Puma,1592.02,57
846,Accessories,Lipstick,Levis,3891.44,143
847,Clothing,Lipstick,Levis,2338.5,170
848,Accessories,Bags,HRX,2113.53,396
849,Kidswear,Jewelry,Levis,2818.94,468
850,Footwear,Flip-Flops,Urbano,4690.55,419
851,Clothing,Lipstick,Urbano,602.48,62
852,Kidswear,Jackets,Puma,2435.29,326
853,Kidswear,Shorts,Puma,728.68,122
854,Footwear,Flip-Flops,Zudio,4441.21,201
855,Kidswear,Jeans,HRX,856.17,481
856,Cosmetics,Jeans,Puma,630.58,82
857,Footwear,Boots,Zudio,4826.02,306
858,Clothing,Boots,Puma,2904.05,377
859,Clothing,Perfume,Zudio,4164.29,303
860,Accessories,Shirts,HRX,2457.23,308
861,Cosmetics,Foundation,HRX,2291.08,447
862,Cosmetics,Jeans,Puma,4575.73,191
863,Clothing,Foundation,Urbano,4951.39,226
864,Kidswear,Creams,Levis,3168.95,171
865,Cosmetics,Shirts,Puma,4607.3,82
866,Cosmetics,Jewelry,Zudio,4341.05,309
867,Kidswear,Frocks,HRX,2811.25,87
868,Footwear,Creams,Puma,4717.3,202
869,Kidswear,Bags,HRX,1208.27,352
870,Accessories,Dresses,Puma,4447.26,294
871,Accessories,Shirts,HRX,1684.91,190
872,Clothing,Boots,Urbano,346.47,168
873,Footwear,Jackets,Zudio,3978.02,422
874,Cosmetics,Watches,Puma,4664.08,472
875,Clothing,Jackets,HRX,1240.56,330
876,Clothing,Flip-Flops,Puma,2763.61,279
877,Cosmetics,Sneakers,Zudio,3796.86,250
878,Cosmetics,Frocks,Puma,1791.79,407
879,Kidswear,Frocks,Levis,905.21,92
880,Accessories,Foundation,HRX,2082.78,215
881,Cosmetics,Lipstick,Zudio,2391.54,84
882,Kidswear,T-Shirts,Urbano,3762.66,142
883,Accessories,Sandals,Levis,1153.68,488
884,Footwear,Jeans,Puma,4112.54,355
885,Footwear,Jewelry,Puma,2610.46,383
886,Footwear,Bags,Levis,4538.67,279
887,Cosmetics,Lipstick,Urbano,2915.77,339
888,Accessories,Jeans,Urbano,2344.9,458
889,Accessories,Bags,Puma,1576.61,475
890,Footwear,Lipstick,Puma,709.96,141
891,Clothing,T-Shirts,Urbano,1984.18,228
892,Accessories,Sneakers,Urbano,2185.39,399
893,Accessories,Bags,Urbano,2927.78,296
894,Kidswear,Bags,Puma,4327.29,214
895,Footwear,Sneakers,HRX,2426.31,288
896,Clothing,Perfume,Levis,1708.57,283
897,Kidswear,Bags,Urbano,4391.64,301
898,Clothing,Boots,Puma,3722.81,115
899,Clothing,Lipstick,Zudio,1673.74,390
900,Clothing,Shirts,Puma,1001.34,83
901,Cosmetics,Perfume,HRX,1596.93,281
902,Accessories,Belts,HRX,793.46,471
903,Accessories,Lipstick,Urbano,4536.4,464
904,Kidswear,Bags,Levis,3136.29,203
905,Clothing,Foundation,Puma,4344.86,381
906,Clothing,Shorts,Levis,4137.73,459
907,Accessories,Creams,Zudio,935.53,496
908,Clothing,Sweaters,Levis,2326.41,225
909,Clothing,Belts,Levis,4865.9,176
910,Clothing,Creams,Urbano,1322.21,174
911,Footwear,Sneakers,Zudio,441.15,400
912,Footwear,Shirts,HRX,1860.85,417
913,Footwear,T-Shirts,Levis,2652.54,128
914,Kidswear,Frocks,Zudio,468.21,59
915,Clothing,Creams,Zudio,2248.03,85
916,Footwear,Frocks,HRX,1416.38,217
917,Footwear,Creams,Urbano,1218.17,459
918,Cosmetics,Watches,Zudio,1466.75,186
919,Kidswear,Watches,HRX,705.91,230
920,Footwear,Boots,Puma,567.91,258
921,Footwear,Jackets,Zudio,3060.06,135
922,Footwear,Jewelry,Puma,4749.59,257
923,Cosmetics,Sneakers,Puma,4062.75,263
924,Cosmetics,Shirts,Zudio,4202.71,358
925,Kidswear,Sandals,HRX,3728.39,216
926,Clothing,Belts,Puma,4788.72,366
927,Clothing,Dresses,Urbano,4762.64,101
928,Kidswear,Jewelry,Levis,3935.85,245
929,Clothing,Foundation,Puma,3636.54,245
930,Accessories,Jeans,Puma,1665.34,250
931,Clothing,Boots,Levis,637.6,255
932,Cosmetics,Perfume,HRX,645.77,219
933,Cosmetics,Boots,Urbano,3734.05,292
934,Footwear,Jewelry,Urbano,336.19,267
935,Cosmetics,Bags,Puma,4118.76,244
936,Accessories,Lipstick,Zudio,1959.09,401
937,Accessories,Lipstick,Zudio,1121.99,124
938,Accessories,Jeans,Puma,2156.42,228
939,Footwear,Sandals,Zudio,3575.71,436
940,Clothing,Frocks,Urbano,1520.53,446
941,Footwear,Belts,Urbano,1033.37,413
942,Cosmetics,Sweaters,Levis,3741.84,446
943,Accessories,Shorts,Urbano,4427.27,169
944,Footwear,Lipstick,HRX,3010.62,426
945,Footwear,Sandals,Urbano,2714.51,110
946,Accessories,Sweaters,Puma,3823.4,329
947,Kidswear,Boots,Zudio,3716.7,197
948,Accessories,Creams,Zudio,230.14,123
949,Kidswear,Sweaters,Urbano,1552.85,264
950,Accessories,Shirts,Urbano,4673.66,146
951,Clothing,Bags,Zudio,4808.97,488
952,Kidswear,Sweaters,Zudio,2649.38,84
953,Kidswear,Dresses,Urbano,2888.43,127
954,Footwear,Perfume,HRX,203.15,385
955,Kidswear,Shirts,HRX,3427.23,335
956,Cosmetics,Sweaters,Zudio,1219.69,132
957,Footwear,Shirts,Levis,813.98,466
958,Footwear,Jeans,HRX,1662.48,90
959,Clothing,Watches,Puma,3391.48,499
960,Footwear,Belts,Zudio,2294.4,151
961,Footwear,Shirts,HRX,1875.48,226
962,Cosmetics,T-Shirts,Urbano,3688.68,313
963,Footwear,Perfume,Levis,4105.86,133
964,Kidswear,Jewelry,Urbano,4372.17,436
965,Clothing,Flip-Flops,Urbano,2334.81,262
966,Cosmetics,Shirts,Levis,3645.57,297
967,Accessories,Sweaters,Zudio,4449.02,114
968,Accessories,Jackets,Urbano,4562.75,134
969,Accessories,Boots,Zudio,2562.18,170
970,Cosmetics,Watches,Zudio,1905.57,419
971,Accessories,Belts,Zudio,4520.89,435
972,Kidswear,Belts,Urbano,1454.87,474
973,Accessories,Jackets,Zudio,4024.87,486
974,Accessories,Jackets,Urbano,4561.54,252
975,Clothing,Shorts,Zudio,3750.65,449
976,Accessories,Shorts,Puma,3463.33,186
977,Accessories,Belts,Urbano,443.25,290
978,Footwear,Sweaters,Puma,1176.67,145
979,Kidswear,Frocks,Zudio,3399.53,416
980,Cosmetics,Belts,Urbano,3968.94,344
981,Clothing,T-Shirts,Levis,504.28,497
982,Cosmetics,Shirts,Puma,291.49,469
983,Accessories,Jeans,HRX,1695.26,200
984,Footwear,Sneakers,HRX,3295.78,480
985,Accessories,Jackets,Levis,2657.8,226
986,Accessories,Foundation,Levis,240.12,232
987,Clothing,Lipstick,HRX,927.74,168
988,Clothing,Jewelry,Urbano,3810.56,399
989,Cosmetics,Foundation,Zudio,1628.78,443
990,Accessories,Sandals,Urbano,762.51,112
991,Cosmetics,T-Shirts,HRX,444.14,301
992,Accessories,Shirts,Puma,4282.12,400
993,Clothing,Shorts,Puma,2464.0,157
994,Footwear,Shorts,Zudio,2617.66,75
995,Cosmetics,Shirts,Zudio,494.44,225
996,Cosmetics,T-Shirts,HRX,2545.18,463
997,Kidswear,Jeans,HRX,3299.71,179
998,Kidswear,Shirts,Zudio,789.43,78
999,Footwear,Shirts,Puma,4532.08,487
1000,Kidswear,Sandals,Levis,3960.07,209
1001,Footwear,Shirts,Levis,4049.05,157
1002,Accessories,Foundation,Levis,2775.36,292
1003,Kidswear,Sweaters,Puma,1802.83,300
1004,Kidswear,Creams,Urbano,3274.17,215
1005,Cosmetics,Jewelry,Urbano,1281.78,326
1006,Footwear,Foundation,Puma,857.05,332
1007,Cosmetics,Sandals,Urbano,2783.99,265
1008,Kidswear,T-Shirts,Levis,2497.41,83
1009,Accessories,Sneakers,Puma,921.36,328
1010,Clothing,Belts,Zudio,2745.94,293
1011,Footwear,Sandals,Puma,2823.05,383
1012,Footwear,Flip-Flops,HRX,4383.27,216
1013,Accessories,Bags,Levis,3844.21,118
1014,Accessories,Sandals,Levis,1244.32,166
1015,Footwear,Jewelry,HRX,4126.07,122
1016,Footwear,Shirts,Levis,4851.27,350
1017,Accessories,Shirts,HRX,3639.77,368
1018,Accessories,Jeans,HRX,3977.62,57
1019,Accessories,Dresses,Levis,1478.86,440
1020,Kidswear,Shirts,Puma,4961.13,335
1021,Footwear,Sandals,HRX,1046.69,61
1022,Footwear,Jackets,Zudio,3804.13,325
1023,Accessories,Belts,HRX,2097.05,241
1024,Cosmetics,Bags,Zudio,1912.97,462
1025,Clothing,Belts,Puma,1568.76,425
1026,Footwear,Watches,HRX,2317.09,232
1027,Kidswear,Dresses,HRX,3996.2,317
1028,Clothing,Perfume,HRX,4716.67,133
1029,Cosmetics,Shorts,Zudio,2197.94,71
1030,Kidswear,Foundation,Puma,3328.02,287
1031,Accessories,Sandals,Levis,3983.48,456
1032,Cosmetics,Shirts,Urbano,678.73,225
1033,Accessories,Creams,HRX,4810.61,350
1034,Kidswear,Jackets,HRX,1215.84,75
1035,Kidswear,Watches,HRX,4592.38,158
1036,Accessories,Sneakers,Levis,4935.69,416
1037,Clothing,Foundation,Puma,681.94,156
1038,Footwear,Shirts,Zudio,4485.19,333
1039,Footwear,Watches,Levis,3276.36,488
1040,Kidswear,Bags,Puma,4126.05,281
1041,Cosmetics,Flip-Flops,Urbano,723.67,122
1042,Accessories,Jewelry,Puma,4204.46,246
1043,Cosmetics,Belts,Puma,3204.96,51
1044,Accessories,Creams,Zudio,2650.97,155
1045,Cosmetics,Bags,Puma,2888.16,77
1046,Accessories,Flip-Flops,Puma,3773.44,382
1047,Kidswear,Shirts,HRX,1628.66,230
1048,Clothing,Boots,Zudio,4728.69,191
1049,Footwear,Flip-Flops,Puma,1676.66,156
1050,Cosmetics,T-Shirts,Puma,4409.98,223
1051,Footwear,Foundation,HRX,258.14,280
1052,Cosmetics,Sweaters,Zudio,4599.1,430
1053,Kidswear,Shorts,Urbano,4287.57,383
1054,Kidswear,Sneakers,Zudio,796.07,372
1055,Cosmetics,Perfume,Levis,3737.23,247
1056,Cosmetics,Foundation,Puma,1995.75,453
1057,Cosmetics,Creams,Levis,2502.94,84
1058,Kidswear,Lipstick,Levis,529.25,481
1059,Clothing,Sandals,Urbano,1220.35,476
1060,Clothing,Belts,Puma,4777.5,325
1061,Cosmetics,Frocks,Zudio,2206.16,162
1062,Accessories,Sweaters,HRX,324.95,105
1063,Clothing,Jackets,Puma,2672.37,157
1064,Kidswear,Flip-Flops,Levis,4974.56,52
1065,Kidswear,Sweaters,Levis,1797.54,373
1066,Kidswear,Boots,Puma,877.83,444
1067,Footwear,Boots,Urbano,3289.06,111
1068,Footwear,Lipstick,Zudio,4615.16,410
1069,Kidswear,Jackets,HRX,4323.92,110
1070,Clothing,Boots,Urbano,3353.54,235
1071,Footwear,Frocks,Zudio,1083.91,426
1072,Accessories,Shirts,Puma,3964.93,78
1073,Cosmetics,Jeans,Urbano,4151.47,471
1074,Footwear,Flip-Flops,HRX,4277.83,389
1075,Footwear,Lipstick,Zudio,2138.92,300
1076,Clothing,Jackets,Puma,2162.52,393
1077,Clothing,Flip-Flops,Zudio,944.75,136
1078,Accessories,Shirts,HRX,3908.9,327
1079,Accessories,Perfume,Puma,3738.69,346
1080,Accessories,Bags,Levis,678.8,261
1081,Accessories,Watches,Levis,296.64,159
1082,Footwear,Bags,Urbano,4768.26,368
1083,Accessories,Lipstick,Puma,282.89,174
1084,Accessories,Creams,Puma,3217.27,471
1085,Kidswear,T-Shirts,Urbano,2377.48,417
1086,Footwear,Shirts,Zudio,3931.58,227
1087,Footwear,Foundation,Urbano,621.1,410
1088,Footwear,Perfume,Puma,3475.39,440
1089,Cosmetics,Belts,Levis,3151.72,457
1090,Accessories,Bags,Zudio,4297.25,291
1091,Accessories,Belts,Puma,2689.02,413
1092,Accessories,Shirts,HRX,3695.8,150
1093,Clothing,Jewelry,Levis,2300.4,479
1094,Clothing,Bags,Levis,4923.1,458
1095,Clothing,Frocks,Urbano,2885.17,304
1096,Cosmetics,Watches,Puma,3816.99,334
1097,Accessories,Jackets,Puma,646.09,372
1098,Footwear,T-Shirts,Urbano,2421.23,408
1099,Footwear,Sneakers,Puma,509.3,270
1100,Kidswear,Dresses,Puma,784.21,385
1101,Clothing,Sweaters,Levis,2629.45,199
1102,Cosmetics,Belts,Zudio,1891.06,390
1103,Kidswear,Sneakers,HRX,2407.15,135
1104,Cosmetics,Creams,HRX,2581.49,186
1105,Footwear,Creams,Zudio,966.8,392
1106,Accessories,Jeans,HRX,1955.99,482
1107,Footwear,Sandals,Zudio,4330.87,433
1108,Footwear,Lipstick,Puma,4311.73,250
1109,Clothing,Foundation,Urbano,2554.96,419
1110,Footwear,Creams,Puma,3795.9,341
1111,Cosmetics,Jackets,Urbano,3817.05,288
1112,Accessories,Dresses,Zudio,411.71,310
1113,Clothing,Sandals,Puma,3132.28,267
1114,Kidswear,Jeans,Zudio,4061.73,53
1115,Footwear,Jackets,Levis,3051.06,73
1116,Clothing,Shorts,Zudio,2799.45,474
1117,Clothing,T-Shirts,Puma,2749.84,412
1118,Clothing,Sneakers,Urbano,2638.16,319
1119,Cosmetics,Shirts,Levis,3935.88,268
1120,Kidswear,Dresses,Puma,3283.67,61
1121,Clothing,Shirts,Puma,1234.41,131
1122,Cosmetics,Boots,Puma,2280.07,349
1123,Kidswear,Foundation,Levis,2737.4,186
1124,Accessories,Shorts,Puma,2210.96,115
1125,Cosmetics,Jackets,Urbano,1340.39,215
1126,Clothing,Bags,Puma,798.76,145
1127,Footwear,Sweaters,HRX,763.1,126
1128,Cosmetics,Shirts,Zudio,1622.18,362
1129,Accessories,Flip-Flops,HRX,2132.74,224
1130,Kidswear,Lipstick,Urbano,3477.81,488
1131,Accessories,Foundation,Urbano,4927.6,265
1132,Kidswear,Creams,Zudio,4507.31,435
1133,Cosmetics,Frocks,Urbano,4105.75,430
1134,Kidswear,Jewelry,Urbano,4105.93,417
1135,Clothing,Sneakers,Puma,3061.11,407
1136,Cosmetics,Jewelry,Zudio,1413.25,287
1137,Footwear,Foundation,HRX,2465.31,388
1138,Accessories,Frocks,Puma,884.26,288
1139,Accessories,Lipstick,Puma,2918.87,195
1140,Cosmetics,Watches,HRX,310.4,413
1141,Footwear,Lipstick,Urbano,1109.43,115
1142,Cosmetics,Dresses,Levis,3619.01,234
1143,Clothing,Sandals,Levis,1529.08,293
1144,Clothing,Belts,Urbano,2215.82,113
1145,Footwear,T-Shirts,Puma,4193.89,265
1146,Cosmetics,Perfume,HRX,413.88,204
1147,Footwear,Flip-Flops,Levis,309.12,358
1148,Footwear,Boots,Puma,1299.14,492
1149,Clothing,Sneakers,Levis,3485.33,167
1150,Clothing,Shirts,HRX,1333.38,78
1151,Footwear,Flip-Flops,Puma,4345.75,427
1152,Footwear,T-Shirts,Zudio,1888.87,416
1153,Kidswear,Belts,Puma,1560.85,121
1154,Clothing,Jeans,Zudio,1317.98,294
1155,Footwear,Creams,Urbano,2955.06,272
1156,Kidswear,Shorts,HRX,4310.29,275
1157,Footwear,Frocks,Levis,2149.1,319
1158,Kidswear,Foundation,Urbano,1412.08,117
1159,Footwear,Jewelry,Urbano,2220.16,92
1160,Cosmetics,Shorts,Puma,4542.99,418
1161,Clothing,Creams,Puma,1805.78,78
1162,Footwear,Foundation,Zudio,3347.59,106
1163,Accessories,Perfume,Zudio,1782.75,167
1164,Accessories,Creams,Urbano,3438.84,82
1165,Kidswear,Sneakers,Urbano,4428.85,326
1166,Clothing,Belts,Puma,3073.08,474
1167,Kidswear,Foundation,Puma,4747.72,418
1168,Clothing,Sneakers,Levis,3087.28,178
1169,Accessories,Boots,HRX,4879.4,460
1170,Accessories,T-Shirts,Levis,3673.91,51
1171,Kidswear,Foundation,HRX,3333.38,369
1172,Cosmetics,Sneakers,Urbano,4183.2,228
1173,Accessories,T-Shirts,Puma,253.25,175
1174,Clothing,Jeans,Levis,1434.8,423
1175,Footwear,Lipstick,HRX,1237.24,284
1176,Footwear,Shirts,Zudio,732.31,487
1177,Footwear,Boots,HRX,4701.38,123
1178,Accessories,Sweaters,HRX,828.81,123
1179,Cosmetics,Shirts,Puma,1461.62,463
1180,Accessories,Shirts,Levis,1808.79,178
1181,Clothing,Frocks,Urbano,3198.21,289
1182,Accessories,Perfume,Levis,3883.83,206
1183,Accessories,Jackets,Urbano,3102.44,190
1184,Accessories,Watches,Zudio,3794.98,281
1185,Accessories,Sandals,Puma,2130.2,348
1186,Clothing,Perfume,HRX,4979.74,90
1187,Accessories,Perfume,Levis,1016.44,265
1188,Cosmetics,Belts,Levis,2118.85,394
1189,Kidswear,Lipstick,Urbano,4194.48,235
1190,Clothing,Shirts,Levis,1384.45,382
1191,Cosmetics,Foundation,HRX,3804.05,447
1192,Footwear,Lipstick,Urbano,1948.55,90
1193,Footwear,Bags,HRX,1052.46,487
1194,Clothing,Sneakers,Urbano,2136.03,311
1195,Kidswear,Sandals,HRX,3966.98,95
1196,Accessories,Shirts,Urbano,737.38,254
1197,Clothing,Jackets,Puma,2677.29,434
1198,Accessories,Jewelry,Levis,3758.51,334
1199,Accessories,Flip-Flops,HRX,3807.55,255
1200,Footwear,Belts,Zudio,2070.02,428
